cid,inference,postprocess_preds,prepare_input,process_case,read_brain_mask,read_image,save_time_vessel_map,totalsegmentator,brain_segmentation,io,generator,postprocessing,case_total
ukb_0372,339.7447,0.2579,1.8449,62.5795,0.1213,1.3622,0.1365,39.8998,39.8998,1.4835,341.5896,62.8375,445.8103
fast_0354,335.915,0.1452,1.0186,34.9821,0.0973,0.9077,0.0743,36.7726,36.7726,1.005,336.9336,35.1273,409.8386
ukb_0288,266.2721,0.2063,1.6476,67.148,0.1118,1.1742,0.1191,37.808,37.808,1.286,267.9197,67.3543,374.3679
ukb_0120,250.7274,0.2299,1.6708,74.2832,0.1225,1.1512,0.1312,36.8012,36.8012,1.2737,252.3982,74.5131,364.9863
ukb_0112,253.0152,0.2451,2.1186,65.6581,0.1244,1.2414,0.1302,37.3956,37.3956,1.3657,255.1339,65.9031,359.7983
ukb_0127,246.9127,0.2187,1.5961,67.583,0.141,1.179,0.1349,36.8267,36.8267,1.32,248.5087,67.8017,354.4571
ukb_0081,240.6294,0.2038,1.5379,74.2424,0.131,1.1992,0.1141,36.3208,36.3208,1.3301,242.1673,74.4462,354.2645
ukb_0443,228.6758,0.2532,1.867,82.891,0.1353,1.3398,0.144,36.7943,36.7943,1.4751,230.5428,83.1441,351.9563
ukb_0418,244.2217,0.2106,1.6892,65.7636,0.1154,1.2616,0.1206,37.1027,37.1027,1.377,245.9109,65.9742,350.3648
ukb_0292,240.6832,0.2106,1.7486,63.9994,0.1059,1.1785,0.1266,36.1108,36.1108,1.2844,242.4318,64.21,344.0371
ukb_0069,248.8147,0.1848,1.4436,54.4942,0.1166,1.049,0.1106,36.6246,36.6246,1.1655,250.2583,54.679,342.7275
ukb_0100,242.2668,0.223,1.5531,61.4076,0.1207,1.1597,0.1206,35.9733,35.9733,1.2804,243.8199,61.6306,342.7042
fast_0156,174.3031,0.3507,2.7547,124.7211,0.1305,1.9157,0.19,38.3299,38.3299,2.0461,177.0578,125.0718,342.5056
ukb_0253,237.7813,0.2001,1.5839,64.2788,0.1117,1.096,0.1142,36.9675,36.9675,1.2077,239.3652,64.4789,342.0192
fast_0258,249.4535,0.1388,1.0681,43.6942,0.0854,0.7659,0.0746,35.2681,35.2681,0.8513,250.5216,43.833,330.4739
ukb_0291,218.2194,0.2057,1.7331,64.9776,0.118,1.2295,0.1184,37.5624,37.5624,1.3475,219.9525,65.1833,324.0457
fast_0115,244.4475,0.14,1.0692,40.8354,0.081,0.7436,0.0757,36.6165,36.6165,0.8247,245.5167,40.9755,323.9334
fast_0116,246.1968,0.1425,1.0328,38.5262,0.0935,0.8714,0.0763,36.8373,36.8373,0.9649,247.2296,38.6687,323.7005
ukb_0422,217.4717,0.2064,1.6358,65.0381,0.1227,1.1023,0.1277,37.124,37.124,1.225,219.1076,65.2445,322.701
ukb_0257,218.2271,0.203,1.4863,64.2302,0.122,1.0116,0.1191,37.2446,37.2446,1.1336,219.7134,64.4332,322.5248
fast_0301,243.854,0.1354,0.987,39.889,0.0854,0.8436,0.0779,35.7642,35.7642,0.9291,244.8411,40.0244,321.5587
fast_0185,247.1278,0.1358,0.9833,34.408,0.1025,0.7278,0.0781,37.1506,37.1506,0.8303,248.1111,34.5438,320.6357
fast_0186,240.2723,0.1465,1.0681,42.9711,0.0945,0.8167,0.0814,35.2187,35.2187,0.9112,241.3404,43.1176,320.5879
fast_0347,245.3976,0.1241,0.9498,35.0821,0.0842,0.7498,0.071,36.5604,36.5604,0.834,246.3474,35.2063,318.9482
fast_0009,246.5212,0.1253,0.9922,33.9746,0.0785,0.9345,0.0753,34.3039,34.3039,1.0129,247.5134,34.0998,316.9301
fast_0067,217.2952,0.2021,1.6948,56.096,0.1297,1.1701,0.1096,36.5604,36.5604,1.2998,218.99,56.298,313.1483
ukb_0328,195.9499,0.2395,1.6721,73.0512,0.1325,1.32,0.1253,37.0603,37.0603,1.4525,197.622,73.2907,309.4257
ukb_0158,185.7907,0.2536,1.9359,80.54,0.1534,1.2641,0.1383,36.186,36.186,1.4175,187.7266,80.7936,306.1237
ukb_0295,189.1243,0.2519,1.9102,74.9313,0.1368,1.4952,0.137,37.3196,37.3196,1.6319,191.0345,75.1832,305.1692
ukb_0277,204.9182,0.1877,1.4367,59.6796,0.1128,1.063,0.1142,36.1683,36.1683,1.1758,206.3549,59.8674,303.5664
ukb_0353,178.9132,0.23,1.659,84.6694,0.1295,1.3544,0.1279,35.5244,35.5244,1.4839,180.5722,84.8993,302.4799
ukb_0323,189.1072,0.2337,1.6895,72.97,0.1201,1.2212,0.1563,36.8826,36.8826,1.3414,190.7967,73.2037,302.2244
ukb_0117,194.8762,0.2476,1.7975,65.5803,0.1276,1.2309,0.1312,36.5201,36.5201,1.3584,196.6737,65.828,300.3802
ukb_0174,185.4056,0.2303,1.6841,75.391,0.1441,1.3546,0.1295,36.1449,36.1449,1.4986,187.0897,75.6213,300.3545
ukb_0382,189.7283,0.241,1.7485,69.3392,0.1792,1.2539,0.1291,36.7298,36.7298,1.4332,191.4768,69.5802,299.2199
ukb_0438,180.3315,0.2074,1.6406,77.6687,0.1317,1.1991,0.1229,36.223,36.223,1.3308,181.9721,77.8762,297.4021
ukb_0436,180.8253,0.2107,1.6126,77.3102,0.1262,1.1665,0.126,35.5826,35.5826,1.2927,182.4379,77.5209,296.8341
ukb_0334,174.737,0.214,1.7125,82.1028,0.1571,1.3201,0.127,35.5876,35.5876,1.4772,176.4495,82.3168,295.8311
ukb_0321,179.638,0.2439,1.8822,75.5686,0.1457,1.3324,0.131,36.0455,36.0455,1.4781,181.5202,75.8125,294.8562
ukb_0196,178.4979,0.239,1.7128,76.5409,0.1236,1.3287,0.1379,36.3607,36.3607,1.4523,180.2107,76.7799,294.8036
ukb_0298,185.1839,0.2334,1.7594,69.6454,0.1617,1.2649,0.1247,36.2032,36.2032,1.4266,186.9433,69.8789,294.452
ukb_0374,179.5408,0.2543,1.8675,74.9921,0.1814,1.3914,0.1391,36.1454,36.1454,1.5728,181.4083,75.2464,294.373
ukb_0236,180.0173,0.2125,1.6509,75.1583,0.1322,1.2209,0.1276,35.545,35.545,1.3531,181.6682,75.3708,293.9371
ukb_0188,178.4978,0.2396,1.7456,76.265,0.1317,1.2842,0.1394,35.5232,35.5232,1.416,180.2433,76.5046,293.6872
fast_0062,212.0106,0.1697,1.3689,42.2943,0.1152,1.1417,0.0946,36.1896,36.1896,1.2569,213.3795,42.464,293.29
ukb_0245,180.0029,0.2257,1.686,73.6101,0.1418,1.2028,0.1262,35.4885,35.4885,1.3446,181.6889,73.8359,292.358
ukb_0210,181.5033,0.2365,1.7749,69.2151,0.1358,1.2375,0.133,36.6499,36.6499,1.3732,183.2782,69.4517,290.753
ukb_0368,187.1025,0.2123,1.6193,62.3861,0.1293,1.3757,0.1215,36.0217,36.0217,1.505,188.7218,62.5984,288.8469
ukb_0432,186.1171,0.2178,1.7651,62.8884,0.146,1.2141,0.1878,36.2981,36.2981,1.3601,187.8822,63.1062,288.6466
ukb_0273,177.7018,0.2202,1.7929,71.3808,0.1183,1.2325,0.1217,35.7127,35.7127,1.3508,179.4947,71.601,288.1593
ukb_0243,177.7109,0.237,1.788,70.4796,0.1321,1.2787,0.1307,35.4105,35.4105,1.4108,179.4989,70.7166,287.0368
ukb_0028,177.3799,0.235,1.8175,70.6412,0.1285,1.2662,0.1234,35.5203,35.5203,1.3947,179.1973,70.8762,286.9885
ukb_0058,181.7883,0.202,1.6312,65.5709,0.132,1.2476,0.1447,36.3008,36.3008,1.3796,183.4196,65.7729,286.8729
ukb_0163,183.6771,0.2103,1.5197,63.8241,0.1118,1.1842,0.1252,35.879,35.879,1.2959,185.1968,64.0344,286.4061
fast_0028,204.2552,0.1261,0.9112,44.9859,0.0835,0.7043,0.0787,34.9651,34.9651,0.7879,205.1665,45.112,286.0314
ukb_0015,181.3624,0.2271,1.646,65.4122,0.1324,1.2264,0.1259,35.6298,35.6298,1.3588,183.0084,65.6393,285.6363
ukb_0381,187.9364,0.2115,1.6388,57.0093,0.1421,1.2704,0.1183,35.9794,35.9794,1.4125,189.5752,57.2208,284.1879
ukb_0165,180.3846,0.203,1.6592,64.0765,0.1143,1.2701,0.1194,36.0917,36.0917,1.3844,182.0438,64.2795,283.7994
ukb_0431,183.7597,0.2076,1.6901,60.6723,0.1575,1.3147,0.1177,35.9358,35.9358,1.4721,185.4497,60.8799,283.7376
ukb_0042,172.0415,0.2101,1.7531,71.7915,0.1799,1.3211,0.1221,35.1292,35.1292,1.5011,173.7945,72.0016,282.4264
ukb_0417,175.8402,0.2099,1.5997,67.8108,0.1351,1.2073,0.1233,35.5518,35.5518,1.3424,177.4399,68.0207,282.3548
ukb_0442,161.9132,0.1985,1.5754,81.2645,0.1227,1.1237,0.1191,35.2367,35.2367,1.2463,163.4887,81.463,281.4346
ukb_0423,172.226,0.2251,1.6277,70.1565,0.1331,1.2838,0.1232,35.1188,35.1188,1.4169,173.8537,70.3817,280.7711
ukb_0316,173.2951,0.2061,1.7008,68.4462,0.1263,1.202,0.1335,35.6212,35.6212,1.3282,174.9958,68.6523,280.5975
ukb_0266,178.8588,0.2094,1.6129,61.2309,0.1172,1.2153,0.1223,35.8232,35.8232,1.3325,180.4717,61.4403,279.0677
ukb_0187,173.6339,0.2074,1.6186,67.0492,0.1304,1.2817,0.1405,34.9762,34.9762,1.4121,175.2525,67.2566,278.8973
fast_0144,205.4689,0.1159,0.8743,35.7173,0.0826,0.6963,0.0804,34.1317,34.1317,0.7789,206.3432,35.8332,277.0871
fast_0240,211.7175,0.1112,0.9939,27.5923,0.0858,0.81,0.0679,35.2013,35.2013,0.8958,212.7114,27.7035,276.512
ukb_0317,173.2006,0.2062,1.6488,64.2119,0.1348,1.354,0.1293,35.6168,35.6168,1.4888,174.8494,64.4181,276.3732
ukb_0322,174.3985,0.2205,1.7427,63.1429,0.1279,1.2119,0.1147,35.3488,35.3488,1.3398,176.1412,63.3634,276.1932
ukb_0043,171.1341,0.2122,1.5379,66.6082,0.1405,1.2421,0.1308,34.5884,34.5884,1.3826,172.672,66.8203,275.4633
ukb_0011,173.5744,0.2194,1.6354,62.8172,0.1454,1.2102,0.1215,35.1104,35.1104,1.3555,175.2098,63.0367,274.7124
ukb_0083,157.0152,0.2031,1.5961,79.3142,0.128,1.1798,0.1215,35.1954,35.1954,1.3078,158.6114,79.5173,274.6318
fast_0256,205.8383,0.1266,0.9848,32.5078,0.0845,0.7508,0.19,34.2907,34.2907,0.8354,206.8231,32.6345,274.5837
ukb_0296,173.8027,0.2156,1.6413,62.0129,0.1195,1.2145,0.131,35.01,35.01,1.3341,175.444,62.2285,274.0166
ukb_0414,172.7818,0.2048,1.6233,61.5325,0.1278,1.2433,0.1206,35.7028,35.7028,1.3711,174.4051,61.7373,273.2163
fast_0024,191.8526,0.1389,1.03,42.9932,0.0877,0.7796,0.0827,35.7134,35.7134,0.8673,192.8826,43.1321,272.5954
ukb_0276,170.9768,0.2075,1.6789,63.0901,0.1194,1.2818,0.118,35.0086,35.0086,1.4011,172.6557,63.2976,272.3631
ukb_0193,170.6478,0.2101,1.6169,63.242,0.1276,1.1605,0.1269,35.1519,35.1519,1.2881,172.2647,63.4522,272.1568
fast_0208,207.2656,0.0928,0.8787,27.9661,0.0761,0.654,0.0638,34.7766,34.7766,0.7301,208.1444,28.059,271.71
ukb_0396,161.6042,0.1948,1.5258,71.4829,0.1236,1.1269,0.1213,35.3392,35.3392,1.2505,163.13,71.6778,271.3974
ukb_0118,155.9355,0.2017,1.5376,76.1042,0.113,1.0837,0.1223,34.7038,34.7038,1.1968,157.4731,76.3058,269.6795
ukb_0314,157.3104,0.2029,1.7055,72.2001,0.1212,1.1859,0.121,35.3394,35.3394,1.3071,159.0159,72.403,268.0654
ukb_0057,164.5522,0.2003,1.5047,64.713,0.128,1.1047,0.1249,35.3715,35.3715,1.2327,166.0569,64.9133,267.5744
ukb_0039,151.4038,0.1919,1.482,78.6333,0.1224,1.2019,0.1137,34.5344,34.5344,1.3244,152.8858,78.8252,267.5697
fast_0129,178.5568,0.1372,1.0659,50.929,0.096,0.7638,0.0753,35.1124,35.1124,0.8598,179.6227,51.0662,266.661
fast_0205,197.6986,0.1131,0.8425,32.051,0.0901,0.7539,0.0761,34.173,34.173,0.844,198.5412,32.1641,265.7222
ukb_0439,158.3415,0.194,1.59,67.5276,0.1189,1.1954,0.123,35.2617,35.2617,1.3144,159.9316,67.7216,264.2292
fast_0035,178.7286,0.1364,1.1045,47.7871,0.0941,0.8062,0.0797,34.1378,34.1378,0.9003,179.833,47.9235,262.7947
fast_0164,183.3621,0.1295,0.961,43.1296,0.0819,0.7395,0.068,34.2559,34.2559,0.8215,184.323,43.2592,262.6596
ukb_0397,156.4393,0.197,1.5872,66.7237,0.1245,1.2685,0.1107,35.405,35.405,1.393,158.0265,66.9208,261.7453
fast_0309,178.0314,0.1328,1.0058,46.8586,0.0975,0.7663,0.075,34.3509,34.3509,0.8638,179.0371,46.9914,261.2433
ukb_0421,160.7633,0.1898,1.505,61.7644,0.142,1.1,0.1092,35.2237,35.2237,1.2421,162.2682,61.9542,260.6882
fast_0090,178.0867,0.1411,1.0658,46.0733,0.1335,0.8201,0.0801,34.097,34.097,0.9535,179.1525,46.2144,260.4174
ukb_0433,160.8773,0.1985,1.5406,61.0549,0.1259,1.0867,0.12,35.3808,35.3808,1.2125,162.4179,61.2535,260.2647
ukb_0424,155.9051,0.2009,1.5777,65.9888,0.3614,1.2001,0.1186,34.8516,34.8516,1.5615,157.4828,66.1897,260.0856
fast_0165,171.1436,0.1376,1.1827,52.3759,0.1205,0.9093,0.0821,34.0645,34.0645,1.0297,172.3263,52.5135,259.9341
ukb_0373,158.8935,0.207,1.6409,62.0991,0.1084,1.216,0.1168,35.5866,35.5866,1.3244,160.5344,62.3061,259.7515
fast_0113,178.7928,0.1363,1.0995,43.1627,0.0974,0.8748,0.0764,35.4566,35.4566,0.9722,179.8923,43.299,259.62
fast_0340,178.8645,0.1376,0.9923,43.7969,0.1135,0.779,0.0771,34.5157,34.5157,0.8925,179.8568,43.9345,259.1995
ukb_0259,157.5533,0.2034,1.6468,62.2391,0.156,1.2385,0.118,35.7326,35.7326,1.3945,159.2001,62.4425,258.7696
ukb_0267,158.3775,0.1971,1.5696,61.4035,0.115,1.2035,0.1157,35.3529,35.3529,1.3185,159.9471,61.6006,258.219
fast_0210,180.9517,0.1392,1.0702,40.5415,0.0845,0.8644,0.0778,34.5488,34.5488,0.9489,182.022,40.6807,258.2003
ukb_0440,150.1303,0.2053,1.6443,69.7765,0.1255,1.1901,0.1209,35.0378,35.0378,1.3156,151.7746,69.9818,258.1097
ukb_0135,160.8243,0.1898,1.6946,58.7914,0.1101,0.9642,0.1099,34.8013,34.8013,1.0743,162.5189,58.9812,257.3757
fast_0099,179.9517,0.146,1.0906,40.0439,0.1024,0.8553,0.0793,35.0636,35.0636,0.9576,181.0422,40.1898,257.2533
ukb_0338,162.4435,0.1984,1.5117,56.388,0.1229,1.1569,0.1266,35.4137,35.4137,1.2798,163.9552,56.5864,257.2352
fast_0358,176.4011,0.1389,1.0277,43.5312,0.1389,0.8949,0.0847,34.0377,34.0377,1.0338,177.4287,43.67,256.1702
ukb_0362,129.7667,0.2306,1.6983,87.7752,0.1294,1.2554,0.1345,35.2309,35.2309,1.3848,131.465,88.0057,256.0864
ukb_0082,149.0902,0.1851,1.4175,69.7856,0.1125,1.1158,0.1542,34.2654,34.2654,1.2282,150.5077,69.9707,255.9721
ukb_0251,155.2704,0.2002,1.5201,62.3547,0.1249,1.1407,0.1166,35.1462,35.1462,1.2656,156.7904,62.5549,255.7571
fast_0238,177.9685,0.1404,1.0722,41.0972,0.086,0.7385,0.079,34.3562,34.3562,0.8246,179.0407,41.2376,255.4591
ukb_0091,151.2153,0.2014,1.5245,65.7824,0.1192,1.1868,0.1215,35.0947,35.0947,1.306,152.7398,65.9838,255.1243
fast_0079,178.3135,0.1419,1.1051,39.2724,0.0901,0.9609,0.0739,35.186,35.186,1.051,179.4186,39.4143,255.0699
ukb_0044,157.4788,0.2015,1.699,59.0544,0.1388,1.1945,0.1157,35.2024,35.2024,1.3334,159.1778,59.2559,254.9695
fast_0188,177.817,0.1316,0.9754,40.3895,0.0931,0.9611,0.0727,34.1555,34.1555,1.0542,178.7924,40.5211,254.5232
fast_0072,178.3681,0.1377,0.9889,39.2837,0.0978,0.8054,0.0807,34.1843,34.1843,0.9032,179.357,39.4214,253.866
fast_0180,180.3505,0.1388,1.0152,37.1262,0.1047,0.8163,0.0802,33.9944,33.9944,0.921,181.3657,37.265,253.5461
ukb_0212,155.0082,0.2067,1.553,60.2969,0.1213,1.19,0.1235,35.0844,35.0844,1.3113,156.5611,60.5036,253.4605
ukb_0144,156.6949,0.2019,1.5245,58.8532,0.1347,1.11,0.1284,34.9155,34.9155,1.2447,158.2195,59.0551,253.4348
fast_0217,175.2929,0.1353,1.0684,41.9747,0.0802,0.9175,0.0736,33.8691,33.8691,0.9977,176.3613,42.11,253.3381
ukb_0446,131.6357,0.223,1.712,82.0681,0.1432,1.5151,0.1293,35.5229,35.5229,1.6584,133.3477,82.2911,252.8201
ukb_0398,154.7047,0.2032,1.6321,59.2622,0.1666,1.1953,0.1122,35.4618,35.4618,1.3619,156.3368,59.4654,252.6259
ukb_0270,160.0885,0.1744,1.4116,53.8599,0.4641,1.0761,0.103,35.3574,35.3574,1.5402,161.5001,54.0343,252.432
fast_0043,176.6456,0.1278,0.9371,39.9342,0.0933,0.7414,0.2845,33.9243,33.9243,0.8348,177.5828,40.062,252.4039
ukb_0035,158.0186,0.1795,1.3947,56.8873,0.1218,1.0285,0.1164,34.713,34.713,1.1503,159.4133,57.0668,252.3434
fast_0184,177.0632,0.1379,1.1117,38.3335,0.1056,0.8657,0.0727,34.477,34.477,0.9713,178.1749,38.4715,252.0946
ukb_0205,122.6777,0.225,1.7437,90.4697,0.1223,1.3838,0.1306,34.8024,34.8024,1.5061,124.4214,90.6947,251.4246
ukb_0278,157.4303,0.1906,1.578,55.783,0.1164,1.1815,0.1169,35.1302,35.1302,1.2979,159.0084,55.9735,251.41
fast_0197,169.7868,0.1342,1.2333,42.8375,0.093,0.9156,0.0766,34.9738,34.9738,1.0086,171.0201,42.9717,249.9743
ukb_0162,149.0671,0.1782,1.4116,63.8542,0.1479,1.0439,0.1046,34.2608,34.2608,1.1918,150.4786,64.0324,249.9636
ukb_0420,154.1694,0.2079,1.6859,57.3751,0.1291,1.1855,0.1158,35.0405,35.0405,1.3145,155.8553,57.5829,249.7933
ukb_0402,161.0043,0.2017,1.6452,50.0963,0.1268,1.1847,0.1129,35.186,35.186,1.3115,162.6495,50.298,249.445
ukb_0186,152.5038,0.1949,1.5025,59.3446,0.1198,1.0928,0.2671,34.5912,34.5912,1.2126,154.0063,59.5396,249.3497
ukb_0022,156.5205,0.186,1.4162,54.3084,0.127,1.1733,0.1112,35.0035,35.0035,1.3003,157.9368,54.4944,248.735
ukb_0415,129.5972,0.2405,1.7654,80.5865,0.1412,1.3702,0.1337,34.987,34.987,1.5113,131.3626,80.827,248.6879
ukb_0157,126.1182,0.2096,1.6022,83.6208,0.1358,1.2461,0.1428,34.504,34.504,1.3818,127.7205,83.8304,247.4367
fast_0039,174.8051,0.1399,1.1088,36.4248,0.103,0.8645,0.0864,33.9612,33.9612,0.9675,175.9139,36.5647,247.4073
fast_0353,177.2078,0.1352,1.0865,33.4432,0.0765,0.8146,0.0773,34.294,34.294,0.8911,178.2943,33.5784,247.0577
ukb_0416,129.8836,0.2272,1.773,78.3313,0.1382,1.2971,0.142,35.346,35.346,1.4352,131.6566,78.5585,246.9964
ukb_0020,124.995,0.2326,1.8229,82.7149,0.1283,1.341,0.1403,35.0749,35.0749,1.4694,126.8179,82.9475,246.3096
ukb_0047,146.501,0.1805,1.4514,61.8626,0.1261,1.1072,0.1085,34.0448,34.0448,1.2334,147.9524,62.0431,245.2737
fast_0173,151.433,0.1836,1.523,56.3588,0.0918,1.1827,0.0956,34.2555,34.2555,1.2745,152.956,56.5424,245.0283
ukb_0366,118.7577,0.2265,1.7075,88.1429,0.1325,1.2554,0.1506,34.4451,34.4451,1.3879,120.4651,88.3694,244.6675
ukb_0170,120.7851,0.2112,1.6311,85.5777,0.1245,1.2696,0.1427,34.8937,34.8937,1.3941,122.4162,85.7889,244.4929
ukb_0123,150.2547,0.1988,1.4529,56.6849,0.1027,1.1246,0.1143,34.3126,34.3126,1.2273,151.7077,56.8837,244.1312
ukb_0239,124.2493,0.2269,1.7802,81.6072,0.1252,1.2467,0.1368,34.6517,34.6517,1.3719,126.0295,81.8341,243.8872
ukb_0392,121.4594,0.2109,1.6749,83.7792,0.1389,1.3302,0.1536,35.0236,35.0236,1.4691,123.1343,83.9901,243.6171
fast_0214,157.0062,0.1189,0.9967,50.1567,0.0906,0.7155,0.0847,34.1953,34.1953,0.8061,158.0029,50.2756,243.28
ukb_0114,149.309,0.182,1.466,56.6927,0.1154,1.0304,0.1145,34.0297,34.0297,1.1459,150.775,56.8747,242.8253
ukb_0413,126.7675,0.2391,1.8725,76.7184,0.1299,1.4377,0.1416,35.5904,35.5904,1.5675,128.64,76.9575,242.7555
ukb_0311,121.2384,0.209,1.7144,83.7328,0.1249,1.2298,0.1337,34.3442,34.3442,1.3547,122.9528,83.9419,242.5936
fast_0053,168.2924,0.0971,0.9895,39.0077,0.0915,0.6848,0.083,33.1938,33.1938,0.7763,169.282,39.1048,242.3568
ukb_0074,124.3917,0.2238,1.695,79.674,0.1428,1.2269,0.1329,34.7455,34.7455,1.3697,126.0867,79.8979,242.0998
ukb_0172,122.2171,0.2253,1.7548,80.909,0.1262,1.3048,0.1329,35.0311,35.0311,1.431,123.9719,81.1342,241.5682
ukb_0352,122.1522,0.2219,1.8042,81.0619,0.1377,1.2568,0.1293,34.703,34.703,1.3945,123.9564,81.2838,241.3377
ukb_0177,131.4868,0.2258,1.6807,71.2025,0.1132,1.2232,0.1187,35.1714,35.1714,1.3364,133.1675,71.4283,241.1037
ukb_0145,123.9884,0.2235,1.6927,78.2652,0.1354,1.4401,0.1257,34.8794,34.8794,1.5755,125.6811,78.4887,240.6247
ukb_0134,123.9913,0.2282,1.6163,78.7176,0.1466,1.2832,0.1324,34.6361,34.6361,1.4297,125.6076,78.9458,240.6193
ukb_0048,128.7283,0.236,1.7242,72.3944,0.1389,1.2597,0.1299,34.889,34.889,1.3986,130.4525,72.6303,239.3704
ukb_0090,145.8488,0.1746,1.3996,55.196,0.196,1.0565,0.1162,35.3198,35.3198,1.2525,147.2484,55.3706,239.1913
ukb_0080,149.1282,0.1784,1.4329,52.8608,0.1591,1.0423,0.1055,34.1387,34.1387,1.2014,150.561,53.0392,238.9404
ukb_0336,117.6602,0.2416,1.7771,82.885,0.1426,1.3324,0.1425,34.5913,34.5913,1.475,119.4372,83.1266,238.6302
ukb_0252,128.6583,0.2234,1.698,70.7875,0.1305,1.3266,0.1272,35.0217,35.0217,1.4571,130.3563,71.0109,237.8459
ukb_0248,125.4586,0.221,1.7219,74.3226,0.1263,1.3352,0.1266,34.6188,34.6188,1.4614,127.1805,74.5436,237.8044
ukb_0294,131.8797,0.2256,1.7393,67.0921,0.1363,1.2469,0.123,35.3881,35.3881,1.3832,133.619,67.3177,237.708
fast_0251,170.2608,0.1124,0.894,31.9957,0.0963,0.6915,0.0812,33.6286,33.6286,0.7877,171.1548,32.1081,237.6793
ukb_0168,128.8207,0.2059,1.6468,70.2109,0.121,1.4962,0.1252,35.0018,35.0018,1.6172,130.4675,70.4169,237.5034
ukb_0377,129.47,0.2091,1.6788,69.1459,0.1653,1.4603,0.1352,34.8944,34.8944,1.6256,131.1489,69.355,237.0239
ukb_0202,120.7434,0.2007,1.5928,78.0557,0.1442,1.1994,0.125,34.7882,34.7882,1.3436,122.3362,78.2563,236.7243
ukb_0411,103.4713,0.1978,1.5745,95.759,0.1275,1.3923,0.1315,34.1877,34.1877,1.5198,105.0458,95.9568,236.71
ukb_0284,130.7241,0.2203,1.7223,67.4733,0.1209,1.2526,0.1257,34.958,34.958,1.3735,132.4464,67.6936,236.4715
ukb_0012,123.9818,0.2234,1.7609,73.7973,0.1396,1.4799,0.1306,34.8275,34.8275,1.6195,125.7427,74.0207,236.2103
ukb_0227,128.8817,0.2279,1.7497,69.2491,0.1236,1.2261,0.1274,34.7267,34.7267,1.3497,130.6314,69.4771,236.1849
ukb_0262,122.3773,0.2237,1.6691,75.4488,0.1418,1.2904,0.1321,34.987,34.987,1.4323,124.0464,75.6725,236.1382
ukb_0150,109.1582,0.2047,1.6665,89.0159,0.167,1.3096,0.14,34.2922,34.2922,1.4766,110.8247,89.2206,235.814
ukb_0024,124.3823,0.23,1.8007,73.0712,0.1353,1.3156,0.1322,34.6934,34.6934,1.4509,126.183,73.3012,235.6285
ukb_0365,123.034,0.2301,1.653,74.3942,0.1695,1.2604,0.1345,34.5882,34.5882,1.4298,124.687,74.6243,235.3293
ukb_0033,127.0274,0.2361,1.7861,69.7376,0.134,1.3762,0.1385,34.7495,34.7495,1.5103,128.8135,69.9737,235.047
ukb_0315,122.9132,0.2204,1.6764,73.7334,0.1269,1.3155,0.1427,34.9174,34.9174,1.4423,124.5897,73.9538,234.9032
fast_0218,160.5784,0.1242,1.0497,37.8902,0.0862,0.9345,0.0736,34.2163,34.2163,1.0207,161.6282,38.0144,234.8795
ukb_0297,125.9082,0.2265,1.7795,70.7059,0.1381,1.3017,0.1324,34.7972,34.7972,1.4398,127.6876,70.9323,234.857
ukb_0330,122.9244,0.226,1.7063,73.6366,0.135,1.3079,0.1343,34.6677,34.6677,1.4428,124.6307,73.8626,234.6039
ukb_0409,147.2906,0.1792,1.523,49.7937,0.1096,1.0569,0.109,34.4774,34.4774,1.1665,148.8136,49.9729,234.4305
ukb_0308,122.4006,0.2053,1.7005,73.5327,0.1589,1.2414,0.1236,35.1109,35.1109,1.4002,124.1011,73.738,234.3502
ukb_0344,122.6697,0.2276,1.6781,72.9448,0.1454,1.3386,0.131,35.195,35.195,1.484,124.3477,73.1723,234.1991
ukb_0310,122.9662,0.2259,1.6985,73.0168,0.1278,1.3167,0.132,34.8452,34.8452,1.4445,124.6647,73.2428,234.1973
ukb_0213,131.3684,0.2337,1.8882,63.9139,0.1258,1.3163,0.1274,35.035,35.035,1.4421,133.2566,64.1476,233.8813
ukb_0050,121.2801,0.2008,1.668,74.718,0.1298,1.2589,0.1263,34.1837,34.1837,1.3887,122.9481,74.9188,233.4393
ukb_0214,126.2897,0.2294,1.7517,68.1175,0.1324,1.3944,0.1363,34.8438,34.8438,1.5268,128.0414,68.3468,232.7588
ukb_0140,124.5759,0.2307,1.7405,69.8239,0.126,1.3737,0.1344,34.8658,34.8658,1.4998,126.3164,70.0546,232.7366
fast_0351,161.0776,0.119,0.9154,35.201,0.097,0.7539,0.0717,34.3939,34.3939,0.851,161.993,35.32,232.5579
fast_0278,157.3038,0.1276,0.9921,39.6909,0.0739,0.7465,0.0861,33.6142,33.6142,0.8204,158.2959,39.8186,232.549
ukb_0053,122.2628,0.2266,1.5914,72.3304,0.1565,1.2721,0.1353,34.6891,34.6891,1.4286,123.8542,72.557,232.5288
ukb_0190,116.5103,0.2083,1.6995,78.6215,0.1318,1.3443,0.1363,33.8265,33.8265,1.4761,118.2098,78.8297,232.3422
ukb_0059,108.9981,0.2008,1.6041,85.3841,0.1324,1.2198,0.1256,34.6783,34.6783,1.3522,110.6022,85.5849,232.2176
ukb_0289,123.079,0.2147,1.7188,69.6256,0.1322,1.369,0.1362,34.9269,34.9269,1.5013,124.7979,69.8402,231.0662
ukb_0256,145.5481,0.1685,1.3184,48.7489,0.1059,1.0308,0.1066,34.1227,34.1227,1.1366,146.8664,48.9174,231.0431
ukb_0286,113.1414,0.2135,1.617,80.4821,0.124,1.3595,0.1295,34.1048,34.1048,1.4834,114.7584,80.6956,231.0422
ukb_0004,122.7177,0.2156,1.6923,70.2612,0.1225,1.3804,0.1285,34.4057,34.4057,1.5029,124.41,70.4769,230.7955
ukb_0034,122.6066,0.2249,1.6574,70.1088,0.1288,1.2546,0.1288,34.7999,34.7999,1.3835,124.2639,70.3337,230.781
ukb_0110,104.5495,0.2032,1.7293,88.8979,0.1214,1.2328,0.1385,33.9807,33.9807,1.3543,106.2788,89.1011,230.7148
fast_0145,150.7464,0.0996,0.828,44.7215,0.0851,0.6447,0.0706,33.5317,33.5317,0.7298,151.5744,44.8211,230.657
fast_0223,156.1927,0.1132,1.0676,38.0296,0.0765,0.817,0.0746,34.3384,34.3384,0.8934,157.2603,38.1428,230.6349
fast_0225,158.8605,0.1221,1.0301,34.7417,0.088,0.7391,0.0772,34.889,34.889,0.827,159.8906,34.8638,230.4704
ukb_0032,121.5392,0.2087,1.6704,70.9175,0.1385,1.2599,0.1368,34.4222,34.4222,1.3984,123.2096,71.1262,230.1564
fast_0260,153.9419,0.1218,1.0712,40.1523,0.0842,0.8361,0.0656,33.9405,33.9405,0.9203,155.0131,40.2741,230.148
fast_0046,156.0377,0.1213,0.9173,38.2736,0.0815,0.735,0.0811,33.6966,33.6966,0.8165,156.9551,38.3949,229.8631
ukb_0357,107.3461,0.1944,1.6417,84.5572,0.1195,1.2515,0.1221,34.7394,34.7394,1.371,108.9878,84.7516,229.8498
fast_0023,155.2921,0.1231,0.903,37.4678,0.0867,0.726,0.0771,34.8213,34.8213,0.8127,156.1951,37.5909,229.42
ukb_0233,122.5613,0.2196,1.7157,69.0454,0.1247,1.2136,0.1259,34.5269,34.5269,1.3382,124.277,69.2649,229.4071
ukb_0152,123.7663,0.2099,1.5832,68.1516,0.1217,1.3027,0.1279,34.1965,34.1965,1.4244,125.3495,68.3615,229.3319
fast_0277,155.6542,0.1318,1.3671,36.9662,0.1276,0.7387,0.0773,33.9463,33.9463,0.8663,157.0214,37.098,228.9319
fast_0317,152.8697,0.1129,1.221,39.9754,0.072,0.8334,0.0735,33.7375,33.7375,0.9055,154.0907,40.0883,228.822
ukb_0350,128.8024,0.2273,1.7368,61.102,0.1319,1.3724,0.1234,35.2367,35.2367,1.5043,130.5392,61.3293,228.6094
fast_0080,155.1324,0.12,0.9458,36.5598,0.078,0.7649,0.0784,34.6971,34.6971,0.8429,156.0782,36.6798,228.2981
ukb_0380,84.7013,0.2268,1.6227,106.0083,0.1368,1.2403,0.1416,34.2467,34.2467,1.3771,86.324,106.2351,228.1828
ukb_0029,120.7972,0.2113,1.608,69.4634,0.133,1.1941,0.1399,34.7182,34.7182,1.3271,122.4052,69.6746,228.1252
ukb_0348,128.5399,0.228,1.7494,60.9069,0.1311,1.3157,0.1267,35.0879,35.0879,1.4468,130.2893,61.1349,227.9589
fast_0219,157.4213,0.1212,1.0764,33.3342,0.0853,0.7565,0.0717,34.0833,34.0833,0.8418,158.4977,33.4555,226.8782
fast_0294,156.572,0.1213,0.9652,34.561,0.0908,0.7155,0.0719,33.8079,33.8079,0.8063,157.5372,34.6823,226.8336
fast_0026,156.4627,0.1231,0.9725,34.4648,0.1176,0.8075,0.11,33.7762,33.7762,0.9251,157.4352,34.5879,226.7243
fast_0139,155.2958,0.121,1.0457,34.9408,0.0857,0.7502,0.072,34.0009,34.0009,0.836,156.3414,35.0618,226.2401
fast_0316,155.2807,0.1185,0.9494,35.279,0.088,0.7167,0.0695,33.7635,33.7635,0.8048,156.2301,35.3974,226.1958
ukb_0408,116.1128,0.2252,1.8003,71.8474,0.1196,1.2552,0.1297,34.7346,34.7346,1.3748,117.9131,72.0726,226.0951
ukb_0049,111.332,0.199,1.5939,75.8701,0.1145,1.1053,0.1181,34.0962,34.0962,1.2198,112.9259,76.0691,224.311
fast_0249,151.0565,0.1112,0.8935,37.8858,0.0759,0.6601,0.0749,33.3922,33.3922,0.736,151.95,37.997,224.0752
fast_0044,151.4687,0.1209,0.9335,36.8324,0.0929,0.705,0.0739,33.5447,33.5447,0.7978,152.4022,36.9533,223.6981
fast_0124,152.1202,0.1191,0.915,35.428,0.0865,0.6581,0.0767,34.3645,34.3645,0.7446,153.0352,35.5471,223.6914
ukb_0027,106.7461,0.2057,1.6199,79.168,0.1321,1.2213,0.1277,34.2225,34.2225,1.3534,108.3659,79.3737,223.3156
ukb_0435,116.0684,0.2085,1.7173,69.2264,0.1209,1.3297,0.1279,34.6032,34.6032,1.4506,117.7857,69.4349,223.2744
fast_0264,148.4819,0.1177,0.9953,39.0961,0.0873,0.8147,0.0705,33.3889,33.3889,0.902,149.4772,39.2138,222.9819
ukb_0312,117.5259,0.2064,1.6197,67.4544,0.1241,1.2882,0.1309,34.7321,34.7321,1.4123,119.1456,67.6609,222.9508
fast_0320,149.4038,0.1223,1.0789,36.1188,0.0875,0.8735,0.0693,34.2562,34.2562,0.9611,150.4827,36.2411,221.9411
ukb_0325,103.794,0.1988,1.6536,79.9477,0.1289,1.1814,0.1266,34.0867,34.0867,1.3103,105.4476,80.1465,220.991
ukb_0265,110.6206,0.1906,1.5031,72.4468,0.1093,1.1359,0.1164,34.7288,34.7288,1.2452,112.1236,72.6375,220.7351
ukb_0147,112.8369,0.1931,1.5945,70.1726,0.1161,1.1635,0.1192,34.383,34.383,1.2796,114.4314,70.3657,220.4596
ukb_0132,107.8352,0.2016,1.5286,75.3895,0.1282,1.1969,0.1221,34.1567,34.1567,1.3251,109.3638,75.5911,220.4367
ukb_0138,110.0567,0.205,1.5898,72.1068,0.1241,1.2615,0.1283,34.322,34.322,1.3856,111.6465,72.3118,219.6659
ukb_0096,107.3708,0.2002,1.546,73.693,0.1197,1.1428,0.1309,34.9447,34.9447,1.2624,108.9168,73.8932,219.0172
fast_0339,148.2266,0.1166,1.0552,34.9655,0.0899,0.81,0.0784,33.6295,33.6295,0.8999,149.2818,35.0821,218.8933
ukb_0221,116.0133,0.203,1.5515,64.6326,0.1179,1.1461,0.1218,34.9014,34.9014,1.2639,117.5648,64.8356,218.5658
ukb_0228,112.1052,0.1978,1.576,68.7315,0.1342,1.211,0.1191,34.4361,34.4361,1.3452,113.6812,68.9293,218.3918
fast_0101,152.3669,0.0926,0.7645,30.2572,0.0877,0.597,0.067,34.0198,34.0198,0.6847,153.1313,30.3498,218.1857
ukb_0072,101.0966,0.1956,1.6363,80.1071,0.1254,1.2,0.122,33.8014,33.8014,1.3254,102.7329,80.3027,218.1623
fast_0297,144.5657,0.1172,0.9305,38.3261,0.0903,0.7031,0.0872,33.1518,33.1518,0.7934,145.4961,38.4433,217.8847
fast_0221,148.4373,0.1116,0.8542,33.8057,0.0868,0.7574,0.0754,33.5767,33.5767,0.8442,149.2915,33.9172,217.6296
fast_0271,147.6306,0.1163,0.9348,33.3178,0.0843,0.6728,0.0825,33.4863,33.4863,0.7572,148.5655,33.4341,216.2431
ukb_0378,105.6964,0.2017,1.6574,72.711,0.1333,1.3389,0.1325,34.0999,34.0999,1.4722,107.3538,72.9127,215.8385
fast_0246,147.2834,0.0994,0.893,33.3905,0.0837,0.6612,0.0642,32.934,32.934,0.7448,148.1764,33.49,215.3452
ukb_0437,108.8658,0.1805,1.4724,68.2442,0.1261,1.1069,0.1092,34.1014,34.1014,1.2331,110.3382,68.4248,214.0974
ukb_0376,108.7782,0.2046,1.9817,67.2646,0.1894,1.5153,0.1239,34.077,34.077,1.7047,110.7599,67.4692,214.0108
ukb_0003,107.0837,0.1947,1.544,69.0295,0.1316,1.2622,0.1262,33.8168,33.8168,1.3939,108.6277,69.2242,213.0626
ukb_0384,104.7582,0.1946,1.5753,71.0796,0.1183,1.2219,0.1343,33.9798,33.9798,1.3402,106.3335,71.2742,212.9277
ukb_0098,100.9521,0.187,1.5612,75.2838,0.1191,1.1516,0.1254,33.6641,33.6641,1.2708,102.5133,75.4709,212.919
fast_0063,147.7816,0.1092,0.7966,29.9107,0.0895,0.6721,0.0747,33.4841,33.4841,0.7615,148.5782,30.0199,212.8437
ukb_0030,105.8334,0.1937,1.4757,70.3135,0.1233,1.0535,0.1304,33.8173,33.8173,1.1768,107.3091,70.5072,212.8104
ukb_0219,107.2701,0.2008,1.5763,68.2128,0.1113,1.0895,0.1219,34.083,34.083,1.2008,108.8464,68.4136,212.5438
ukb_0065,110.3959,0.1969,1.5844,63.4607,0.1376,1.2565,0.1285,34.4219,34.4219,1.3941,111.9804,63.6576,211.4539
ukb_0419,109.4904,0.2149,1.6555,64.4309,0.1184,1.2543,0.1196,34.2366,34.2366,1.3728,111.1459,64.6458,211.4011
ukb_0149,103.5815,0.2001,1.545,69.3304,0.1179,1.3041,0.1253,34.0321,34.0321,1.422,105.1265,69.5305,210.1111
ukb_0434,105.127,0.1937,1.5184,67.3919,0.1502,1.1657,0.117,33.8337,33.8337,1.3159,106.6454,67.5856,209.3806
ukb_0427,113.2067,0.1968,1.5619,58.6074,0.1373,1.2297,0.1371,34.4141,34.4141,1.367,114.7685,58.8042,209.3538
ukb_0115,113.7571,0.1972,1.4804,58.0497,0.1173,1.1856,0.1273,34.5598,34.5598,1.3029,115.2375,58.2469,209.3471
ukb_0329,105.6443,0.1923,1.6141,65.995,0.1122,1.1513,0.1259,33.9791,33.9791,1.2635,107.2584,66.1873,208.6883
ukb_0106,106.1089,0.1916,1.5211,63.7793,0.1194,1.2724,0.1197,33.7963,33.7963,1.3918,107.63,63.9709,206.789
fast_0289,122.1546,0.1432,1.2051,47.9831,0.0908,0.9841,0.0888,33.5268,33.5268,1.0749,123.3597,48.1263,206.0878
fast_0265,125.132,0.1561,1.3208,43.9492,0.1035,1.169,0.0931,33.7601,33.7601,1.2725,126.4528,44.1054,205.5908
ukb_0062,104.2992,0.1866,1.4011,63.8349,0.1106,1.1904,0.1205,34.0576,34.0576,1.301,105.7003,64.0215,205.0804
ukb_0184,107.0206,0.196,1.5559,60.3254,0.1151,1.1866,0.1198,34.0754,34.0754,1.3017,108.5764,60.5214,204.475
ukb_0125,104.2815,0.1794,1.4993,62.5826,0.1187,1.1501,0.1158,33.5907,33.5907,1.2689,105.7808,62.762,203.4024
ukb_0388,102.4264,0.1732,1.4901,63.1079,0.1266,1.1679,0.116,33.6682,33.6682,1.2945,103.9165,63.2811,202.1603
fast_0286,122.0024,0.1389,1.0545,43.8988,0.1086,0.8299,0.0797,33.4358,33.4358,0.9386,123.0569,44.0377,201.469
ukb_0211,108.3044,0.1958,1.5709,55.375,0.1285,1.127,0.1199,34.2131,34.2131,1.2556,109.8753,55.5708,200.9148
fast_0031,119.63,0.113,0.8756,45.9099,0.0791,0.6965,0.0796,32.7206,32.7206,0.7757,120.5057,46.0229,200.0248
ukb_0018,103.6159,0.1795,1.4295,57.6215,0.1239,1.097,0.1155,33.6591,33.6591,1.2209,105.0454,57.801,197.7265
ukb_0275,107.299,0.1974,1.6533,52.8168,0.1106,1.1548,0.1296,34.3465,34.3465,1.2654,108.9522,53.0142,197.5783
fast_0253,121.4129,0.1477,1.1352,40.6591,0.0939,0.9648,0.0748,33.0633,33.0633,1.0587,122.5482,40.8069,197.4771
fast_0056,122.1295,0.1309,1.0907,39.1195,0.0949,0.9549,0.0789,33.5063,33.5063,1.0497,123.2202,39.2504,197.0267
fast_0087,120.4013,0.1129,0.9784,40.2951,0.0902,0.8595,0.0779,32.857,32.857,0.9497,121.3796,40.408,195.5944
fast_0302,108.5354,0.1138,0.9387,52.2151,0.0918,0.7815,0.0764,32.801,32.801,0.8733,109.4742,52.329,195.4774
fast_0141,119.6633,0.1022,0.8217,41.3211,0.0778,0.6504,0.0698,32.8311,32.8311,0.7282,120.485,41.4233,195.4676
ukb_0077,102.5739,0.1799,1.4092,56.3093,0.1092,1.1034,0.1136,33.5455,33.5455,1.2125,103.9831,56.4892,195.2303
fast_0091,121.1431,0.1223,0.9718,38.2364,0.091,0.8394,0.1434,32.6726,32.6726,0.9304,122.1149,38.3587,194.0767
fast_0134,118.8509,0.1374,1.0674,38.5511,0.1003,0.8703,0.1219,33.6886,33.6886,0.9706,119.9183,38.6885,193.2661
fast_0282,116.0435,0.113,0.9318,41.6945,0.0948,0.749,0.0878,32.956,32.956,0.8437,116.9754,41.8076,192.5827
fast_0288,122.3436,0.1108,0.8713,34.3155,0.1086,0.7166,0.0816,32.6733,32.6733,0.8253,123.2148,34.4264,191.1397
fast_0324,122.6168,0.1058,0.884,32.6383,0.0791,0.7413,0.0731,33.5759,33.5759,0.8204,123.5008,32.744,190.6411
fast_0013,111.7516,0.1237,1.1285,43.4902,0.0924,0.9021,0.079,33.083,33.083,0.9945,112.8801,43.614,190.5716
fast_0120,109.7388,0.0999,0.9127,45.4496,0.089,0.6642,0.077,32.9168,32.9168,0.7532,110.6515,45.5495,189.871
fast_0057,112.2542,0.1277,1.017,42.2458,0.09,0.7859,0.0873,33.2644,33.2644,0.8759,113.2712,42.3735,189.785
fast_0016,109.8703,0.1175,1.0303,41.4678,0.0823,0.7787,0.0703,33.1818,33.1818,0.861,110.9006,41.5853,186.5287
fast_0005,111.2465,0.1227,0.9822,39.113,0.0833,0.7632,0.1137,34.1113,34.1113,0.8465,112.2286,39.2357,186.4221
fast_0268,134.6886,0.0641,0.546,16.6987,0.0645,0.4393,0.0457,31.8913,31.8913,0.5039,135.2345,16.7628,184.3925
fast_0150,105.1506,0.1256,1.0159,43.916,0.0837,0.8839,0.0773,33.082,33.082,0.9676,106.1665,44.0416,184.2576
fast_0166,113.2379,0.0987,0.9005,35.7288,0.1006,0.702,0.0723,32.3561,32.3561,0.8026,114.1384,35.8275,183.1246
ukb_0340,82.0455,0.2029,1.6791,63.2725,0.1337,1.2294,0.1345,34.1864,34.1864,1.3631,83.7247,63.4754,182.7495
ukb_0367,73.5652,0.1916,1.5609,70.7711,0.1177,1.1217,0.1265,33.7098,33.7098,1.2393,75.1261,70.9627,181.038
fast_0176,108.7934,0.1229,1.0707,36.8575,0.0944,0.8271,0.0809,32.8814,32.8814,0.9215,109.8642,36.9805,180.6476
fast_0242,105.1614,0.1279,1.1112,39.6446,0.0713,0.9323,0.0757,33.0482,33.0482,1.0036,106.2726,39.7725,180.0969
ukb_0375,89.2368,0.1718,1.4416,54.5338,0.1017,1.1264,0.1068,33.4034,33.4034,1.2281,90.6784,54.7055,180.0155
fast_0275,104.9142,0.1196,0.915,39.4542,0.116,0.6962,0.1324,32.8064,32.8064,0.8122,105.8292,39.5738,179.0216
ukb_0272,73.8447,0.1863,1.4911,68.2753,0.1213,1.125,0.1208,33.6624,33.6624,1.2463,75.3358,68.4617,178.7061
fast_0130,103.8774,0.1221,0.9304,39.3462,0.0965,0.7273,0.0813,33.4363,33.4363,0.8238,104.8078,39.4683,178.5361
fast_0135,110.7333,0.0947,0.9073,33.4687,0.0983,0.6907,0.0701,32.2792,32.2792,0.789,111.6406,33.5634,178.2722
ukb_0280,72.9307,0.1913,1.5412,68.3976,0.1169,1.2419,0.1289,33.7157,33.7157,1.3588,74.4719,68.589,178.1353
fast_0311,104.5047,0.1193,1.0209,38.0763,0.0967,0.8657,0.0945,33.0858,33.0858,0.9624,105.5256,38.1956,177.7694
fast_0293,101.9103,0.1156,0.9499,41.4309,0.1103,0.7395,0.0878,32.4113,32.4113,0.8498,102.8601,41.5466,177.6679
fast_0051,103.1377,0.1154,0.9683,39.6275,0.0833,1.1793,0.0844,32.4169,32.4169,1.2625,104.106,39.7429,177.5284
fast_0348,106.0034,0.1216,1.1407,36.1275,0.1464,0.9122,0.0718,32.7954,32.7954,1.0586,107.1441,36.249,177.2472
fast_0300,103.5658,0.1186,1.0623,37.9846,0.118,0.8479,0.0869,32.8556,32.8556,0.9659,104.6281,38.1032,176.5527
ukb_0247,68.7907,0.1988,1.5767,70.2977,0.1162,1.3159,0.1435,33.3826,33.3826,1.4322,70.3674,70.4965,175.6786
fast_0194,104.5544,0.12,1.043,35.664,0.0791,0.8146,0.0731,33.215,33.215,0.8937,105.5974,35.784,175.4902
fast_0103,98.3207,0.101,0.8547,40.4159,0.1083,0.6756,0.0736,33.5553,33.5553,0.7838,99.1754,40.5169,174.0313
fast_0078,129.2243,0.058,0.4471,10.9793,0.0806,0.3783,0.0417,32.7897,32.7897,0.4589,129.6714,11.0373,173.9574
fast_0085,102.7678,0.1242,1.1137,35.3776,0.0959,0.929,0.0813,33.296,33.296,1.0249,103.8815,35.5019,173.7043
fast_0010,102.4702,0.0978,0.848,35.2559,0.0843,0.677,0.0757,32.1567,32.1567,0.7613,103.3182,35.3537,171.5899
fast_0170,104.6034,0.1071,0.8098,32.2746,0.0913,0.6568,0.0744,32.2572,32.2572,0.7481,105.4133,32.3817,170.8003
fast_0299,91.7009,0.123,1.0558,43.9684,0.0794,0.9269,0.0887,32.8657,32.8657,1.0062,92.7567,44.0914,170.72
fast_0326,103.0843,0.0957,0.8342,32.2761,0.0874,0.87,0.0687,32.4893,32.4893,0.9574,103.9185,32.3719,169.737
fast_0175,100.6152,0.1037,0.8338,34.5603,0.0951,0.6727,0.0841,32.0996,32.0996,0.7678,101.449,34.664,168.9804
fast_0094,98.5142,0.0947,0.854,34.0112,0.105,0.733,0.0792,33.2714,33.2714,0.838,99.3682,34.106,167.5836
fast_0272,97.5057,0.09,0.8068,34.279,0.0814,0.6829,0.0661,32.7735,32.7735,0.7644,98.3125,34.369,166.2194
fast_0190,96.697,0.0996,0.8349,34.9528,0.0842,0.7412,0.0689,32.3635,32.3635,0.8254,97.5319,35.0524,165.7732
fast_0093,104.6859,0.099,0.7881,25.2011,0.0673,0.5818,0.0588,33.4499,33.4499,0.649,105.474,25.3002,164.8731
fast_0014,97.0879,0.0984,0.8219,32.3596,0.0891,0.8022,0.0766,32.1969,32.1969,0.8913,97.9098,32.458,163.456
fast_0192,101.076,0.0984,0.7767,27.7137,0.0669,0.6332,0.062,32.102,32.102,0.7002,101.8527,27.812,162.4669
fast_0034,100.0492,0.092,0.8002,28.2291,0.0998,0.7524,0.0705,32.1923,32.1923,0.8521,100.8494,28.3212,162.215
fast_0059,96.0497,0.089,0.8292,31.7081,0.0845,0.6785,0.0659,32.4468,32.4468,0.763,96.8789,31.7972,161.8859
fast_0200,96.4683,0.1001,0.7319,29.3666,0.1031,0.6708,0.0616,32.6292,32.6292,0.774,97.2002,29.4667,160.0701
ukb_0426,70.5699,0.1344,1.2372,53.7808,0.0962,1.0729,0.0881,32.8918,32.8918,1.1691,71.8071,53.9151,159.7831
fast_0065,98.4248,0.0904,0.7307,26.1731,0.0707,0.5581,0.0541,31.7838,31.7838,0.6288,99.1555,26.2635,157.8316
fast_0269,93.2578,0.0907,0.752,28.1263,0.07,0.5449,0.059,31.4909,31.4909,0.6149,94.0098,28.2171,154.3327
fast_0001,65.2504,0.1072,0.9551,50.8619,0.1054,0.7984,0.0998,31.884,31.884,0.9038,66.2055,50.9691,149.9623
fast_0081,75.4445,0.1125,0.8606,39.6211,0.088,0.7739,0.2894,31.9757,31.9757,0.8619,76.3052,39.7336,148.8764
fast_0029,77.7455,0.1207,0.9596,36.0625,0.1029,0.7713,0.0842,32.4957,32.4957,0.8742,78.7051,36.1833,148.2583
fast_0336,67.5584,0.0945,0.7524,45.8644,0.0923,0.6441,0.0724,31.9749,31.9749,0.7363,68.3107,45.959,146.9809
fast_0220,85.7934,0.0917,0.7466,25.6252,0.0748,0.5242,0.0623,32.2443,32.2443,0.5991,86.5401,25.7169,145.1004
fast_0147,74.4688,0.0934,0.929,35.4627,0.085,0.7838,0.0745,32.2012,32.2012,0.8687,75.3977,35.5561,144.0238
fast_0143,70.5569,0.0973,0.9328,39.5936,0.097,0.7752,0.0753,31.7833,31.7833,0.8722,71.4897,39.6909,143.8361
fast_0077,74.4304,0.0921,0.8881,32.4585,0.1016,0.7466,0.0745,32.9054,32.9054,0.8482,75.3185,32.5505,141.6226
fast_0111,66.9235,0.0982,0.8453,37.437,0.1028,0.658,0.0695,32.4271,32.4271,0.7608,67.7688,37.5352,138.4919
fast_0239,69.2162,0.0975,0.7801,35.6422,0.0905,0.667,0.0752,31.8528,31.8528,0.7575,69.9963,35.7397,138.3463
fast_0227,65.6386,0.0961,0.8101,34.0463,0.1405,0.8802,0.0717,31.784,31.784,1.0208,66.4487,34.1425,133.3958
fast_0136,66.1691,0.097,0.8479,31.02,0.0819,0.7611,0.0703,32.3557,32.3557,0.843,67.017,31.117,131.3326
fast_0140,61.7652,0.1009,0.8479,35.68,0.093,0.7671,0.075,31.7408,31.7408,0.8601,62.6131,35.7808,130.9949
fast_0003,62.8339,0.0905,0.7893,33.4495,0.1023,0.7572,0.0846,31.8479,31.8479,0.8595,63.6232,33.54,129.8706
fast_0160,62.0103,0.105,0.8175,34.1404,0.0896,0.6462,0.2547,31.577,31.577,0.7358,62.8279,34.2453,129.386
fast_0011,62.8993,0.1021,0.7766,33.2172,0.0842,0.7084,0.077,31.5167,31.5167,0.7926,63.676,33.3194,129.3046
fast_0231,58.4805,0.1071,0.8266,35.4358,0.091,0.7085,0.071,30.7443,30.7443,0.7995,59.3071,35.5428,126.3937
fast_0179,61.6911,0.1027,0.802,30.7404,0.0877,0.7385,0.1068,31.4373,31.4373,0.8262,62.4931,30.8431,125.5997
fast_0312,65.5049,0.0936,0.8768,26.3153,0.0859,0.706,0.0643,31.9205,31.9205,0.7919,66.3818,26.4089,125.503
fast_0328,60.4348,0.0904,0.7543,30.9805,0.0893,0.6745,0.0654,31.2277,31.2277,0.7638,61.1891,31.0708,124.2514
fast_0216,56.4084,0.0962,0.789,32.3947,0.0805,0.6305,0.0682,30.8968,30.8968,0.711,57.1974,32.4909,121.2961
fast_0021,60.4128,0.0879,0.7075,27.7137,0.0914,0.6435,0.0694,31.2602,31.2602,0.7349,61.1203,27.8016,120.917
